{"cameraMode":{"drawMode":0,"name":"Shaded","section":"Shading Mode"},"sceneLighting":false,"audioPlay":false,"sceneViewState":{"showFog":true,"showMaterialUpdate":false,"showSkybox":true,"showFlares":true,"showImageEffects":true,"showParticleSystems":true},"in2DMode":false,"pivot":{"x":4.149999618530273,"y":-0.21999993920326234,"z":-1.6399999856948853},"rotation":{"x":0.003887905040755868,"y":-0.983875036239624,"z":0.17751193046569825,"w":0.02154991775751114},"size":1.4791219234466553,"orthographic":false}