{"cameraMode":{"drawMode":0,"name":"Shaded","section":"Shading Mode"},"sceneLighting":false,"audioPlay":false,"sceneViewState":{"showFog":true,"showMaterialUpdate":false,"showSkybox":true,"showFlares":true,"showImageEffects":true,"showParticleSystems":true},"in2DMode":false,"pivot":{"x":-1.5883069038391114,"y":0.6846690773963928,"z":-2.9577994346618654},"rotation":{"x":-0.10837302356958389,"y":0.8427000641822815,"z":-0.1849154531955719,"w":-0.49388080835342409},"size":0.22781474888324738,"orthographic":false}