{"cameraMode":{"drawMode":0,"name":"Shaded","section":"Shading Mode"},"sceneLighting":true,"audioPlay":false,"sceneViewState":{"showFog":true,"showMaterialUpdate":false,"showSkybox":true,"showFlares":true,"showImageEffects":true,"showParticleSystems":true},"in2DMode":false,"pivot":{"x":536.0713500976563,"y":666.3231201171875,"z":-333.3614501953125},"rotation":{"x":0.03559989109635353,"y":0.9608481526374817,"z":-0.14757832884788514,"w":0.23178459703922273},"size":1968.018798828125,"orthographic":false}