{"cameraMode":{"drawMode":0,"name":"Shaded","section":"Shading Mode"},"sceneLighting":true,"audioPlay":false,"sceneViewState":{"showFog":true,"showMaterialUpdate":false,"showSkybox":true,"showFlares":true,"showImageEffects":true,"showParticleSystems":true},"in2DMode":false,"pivot":{"x":1.686792016029358,"y":-0.38410019874572756,"z":-0.4177621603012085},"rotation":{"x":-0.0470750592648983,"y":0.8937937021255493,"z":-0.4354060888290405,"w":-0.09663517028093338},"size":3.7578835487365724,"orthographic":false}