{"cameraMode":{"drawMode":0,"name":"Shaded","section":"Shading Mode"},"sceneLighting":false,"audioPlay":false,"sceneViewState":{"showFog":true,"showMaterialUpdate":false,"showSkybox":true,"showFlares":true,"showImageEffects":true,"showParticleSystems":true},"in2DMode":false,"pivot":{"x":-0.3089999854564667,"y":0.0,"z":-0.029600001871585847},"rotation":{"x":0.0070191933773458,"y":-0.9838414788246155,"z":0.17447051405906678,"w":0.03958161175251007},"size":0.06883883476257324,"orthographic":false}