{"cameraMode":{"drawMode":0,"name":"Shaded","section":"Shading Mode"},"sceneLighting":true,"audioPlay":false,"sceneViewState":{"showFog":true,"showMaterialUpdate":false,"showSkybox":true,"showFlares":true,"showImageEffects":true,"showParticleSystems":true},"in2DMode":false,"pivot":{"x":-0.5979609489440918,"y":0.1460254192352295,"z":0.5094254016876221},"rotation":{"x":0.011063016951084137,"y":0.9305145740509033,"z":-0.36499983072280886,"w":0.028204521164298059},"size":22.0,"orthographic":false}