{"cameraMode":{"drawMode":0,"name":"Shaded","section":"Shading Mode"},"sceneLighting":true,"audioPlay":false,"sceneViewState":{"showFog":true,"showMaterialUpdate":false,"showSkybox":true,"showFlares":true,"showImageEffects":true,"showParticleSystems":true},"in2DMode":false,"pivot":{"x":0.169300377368927,"y":-3.8888087272644045,"z":-23.435129165649415},"rotation":{"x":0.004995926283299923,"y":0.9928039312362671,"z":-0.11097194254398346,"w":0.044728394597768787},"size":22.0,"orthographic":false}