{"cameraMode":{"drawMode":0,"name":"Shaded","section":"Shading Mode"},"sceneLighting":true,"audioPlay":false,"sceneViewState":{"showFog":true,"showMaterialUpdate":false,"showSkybox":true,"showFlares":true,"showImageEffects":true,"showParticleSystems":true},"in2DMode":false,"pivot":{"x":0.6102142333984375,"y":1.4823799133300782,"z":-1.2772483825683594},"rotation":{"x":0.014627956785261631,"y":0.9849576354026794,"z":-0.13528944551944734,"w":0.10649576783180237},"size":112.38470458984375,"orthographic":false}