{"cameraMode":{"drawMode":0,"name":"Shaded","section":"Shading Mode"},"sceneLighting":false,"audioPlay":false,"sceneViewState":{"showFog":true,"showMaterialUpdate":false,"showSkybox":true,"showFlares":true,"showImageEffects":true,"showParticleSystems":true},"in2DMode":false,"pivot":{"x":0.3931248188018799,"y":1.562122106552124,"z":0.08661952614784241},"rotation":{"x":-0.02245251275599003,"y":0.8393953442573547,"z":-0.03477482870221138,"w":-0.5419429540634155},"size":1.0421274900436402,"orthographic":false}