{"cameraMode":{"drawMode":0,"name":"Shaded","section":"Shading Mode"},"sceneLighting":false,"audioPlay":false,"sceneViewState":{"showFog":true,"showMaterialUpdate":false,"showSkybox":true,"showFlares":true,"showImageEffects":true,"showParticleSystems":true},"in2DMode":false,"pivot":{"x":-1.715999960899353,"y":0.7042118310928345,"z":-2.9277873039245607},"rotation":{"x":0.00761954952031374,"y":-0.9881414175033569,"z":0.14419256150722505,"w":0.05222121253609657},"size":1.0421271324157715,"orthographic":false}