{"cameraMode":{"drawMode":0,"name":"Shaded","section":"Shading Mode"},"sceneLighting":false,"audioPlay":false,"sceneViewState":{"showFog":true,"showMaterialUpdate":false,"showSkybox":true,"showFlares":true,"showImageEffects":true,"showParticleSystems":true},"in2DMode":false,"pivot":{"x":1.3400083780288697,"y":-4.721941947937012,"z":13.36217975616455},"rotation":{"x":-0.1634400486946106,"y":-0.05177205801010132,"z":0.008589603006839753,"w":-0.9851564764976502},"size":22.0,"orthographic":false}