{"cameraMode":{"drawMode":0,"name":"Shaded","section":"Shading Mode"},"sceneLighting":false,"audioPlay":false,"sceneViewState":{"showFog":true,"showMaterialUpdate":false,"showSkybox":true,"showFlares":true,"showImageEffects":true,"showParticleSystems":true},"in2DMode":false,"pivot":{"x":2.9802322387695315e-8,"y":1.463212013244629,"z":0.37622618675231936},"rotation":{"x":0.025131406262516977,"y":-0.7641270756721497,"z":0.02982454001903534,"w":0.6438857316970825},"size":1.0431748628616334,"orthographic":false}