{"cameraMode":{"drawMode":0,"name":"Shaded","section":"Shading Mode"},"sceneLighting":true,"audioPlay":false,"sceneViewState":{"showFog":true,"showMaterialUpdate":false,"showSkybox":true,"showFlares":true,"showImageEffects":true,"showParticleSystems":true},"in2DMode":false,"pivot":{"x":-1.092041015625,"y":0.778009295463562,"z":-2.8892273902893068},"rotation":{"x":-0.38240668177604678,"y":-0.11047564446926117,"z":0.04611031338572502,"w":-0.916206419467926},"size":0.6710673570632935,"orthographic":false}